longitude,latitude,housing_median_age,total_rooms,total_bedrooms,population,households,median_income,median_house_value,ocean_proximity,address
-122.24,37.82,52.0,1509.0,225.0,674.0,244.0,4.9306,313400.0,NEAR BAY,"114 Magnolia Ave, Piedmont, CA 94610, USA"
-122.24,37.82,52.0,3481.0,751.0,1444.0,718.0,3.9,275700.0,NEAR BAY,"114 Magnolia Ave, Piedmont, CA 94610, USA"
-122.13,37.68,43.0,1676.0,340.0,924.0,328.0,3.6,179400.0,NEAR BAY,"15894 Via Del Sol, San Lorenzo, CA 94580, USA"
-122.25,37.81,52.0,1758.0,460.0,686.0,422.0,3.1691,259400.0,NEAR BAY,"431 Lagunitas Ave, Oakland, CA 94610, USA"
-122.11,37.7,23.0,1689.0,461.0,828.0,443.0,2.1552,161400.0,NEAR BAY,"1734 163rd Ave, San Leandro, CA 94578, USA"
-117.81,33.67,8.0,2440.0,502.0,1113.0,483.0,4.6019,242500.0,<1H OCEAN,"4 Thicket, Irvine, CA 92614, USA"
-122.25,37.82,26.0,3959.0,1196.0,1749.0,1217.0,3.0233,255000.0,NEAR BAY,"615 Mariposa Ave, Oakland, CA 94610, USA"
-122.16,37.7,36.0,1097.0,208.0,568.0,225.0,2.9917,194600.0,NEAR BAY,"14470 Birch St, San Leandro, CA 94579, USA"
-118.17,34.03,43.0,1636.0,506.0,1855.0,502.0,2.2902,152400.0,<1H OCEAN,"458 Betty Ave, East Los Angeles, CA 90022, USA"
-122.16,37.7,36.0,1719.0,303.0,836.0,311.0,4.4375,193500.0,NEAR BAY,"14470 Birch St, San Leandro, CA 94579, USA"
-121.03,39.14,10.0,3138.0,524.0,1275.0,511.0,4.0775,164500.0,INLAND,"12274 Kenneth Ct, Grass Valley, CA 95949, USA"
-122.07,37.67,28.0,2932.0,739.0,1198.0,624.0,3.2417,210800.0,NEAR BAY,"24336 2nd St, Hayward, CA 94541, USA"
-118.12,33.99,26.0,2296.0,534.0,1777.0,507.0,2.5395,191000.0,<1H OCEAN,"1208 S Spruce St, Montebello, CA 90640, USA"
-122.2,37.78,50.0,1867.0,403.0,1128.0,378.0,2.5401,129100.0,NEAR BAY,"4734 Walnut St, Oakland, CA 94619, USA"
-122.04,37.66,10.0,2031.0,357.0,867.0,352.0,5.3169,299200.0,NEAR BAY,"27044 Halifax Pl, Hayward, CA 94542, USA"
-122.2,37.78,52.0,2300.0,443.0,1225.0,423.0,3.5398,158400.0,NEAR BAY,"4734 Walnut St, Oakland, CA 94619, USA"
-122.25,37.81,52.0,2155.0,701.0,895.0,613.0,2.5795,350000.0,NEAR BAY,"431 Lagunitas Ave, Oakland, CA 94610, USA"
-122.27,37.8,39.0,1715.0,623.0,1327.0,467.0,1.8477,179200.0,NEAR BAY,"321 10th St, Oakland, CA 94607, USA"
-118.95,35.38,35.0,2220.0,388.0,906.0,373.0,3.5938,95200.0,INLAND,"3013 Fernvale Rd, Bakersfield, CA 93306, USA"
-118.18,34.03,37.0,2115.0,580.0,2842.0,572.0,2.239,121300.0,<1H OCEAN,"457 S Downey Rd, Los Angeles, CA 90063, USA"
-118.19,34.87,2.0,2103.0,389.0,923.0,338.0,5.0553,111100.0,INLAND,"3319 Marble St, Rosamond, CA 93560, USA"
-118.14,34.01,42.0,1007.0,277.0,1060.0,268.0,3.0179,153700.0,<1H OCEAN,"6147 E Hereford Dr, East Los Angeles, CA 90022, USA"
-119.0,35.39,51.0,1373.0,284.0,648.0,300.0,2.8295,72100.0,INLAND,"115 Bernard St, Bakersfield, CA 93305, USA"
-122.14,37.69,38.0,1571.0,317.0,874.0,301.0,4.4659,189100.0,NEAR BAY,"589 Beatrice St, San Leandro, CA 94579, USA"
-118.98,35.4,34.0,813.0,171.0,440.0,170.0,2.8393,69800.0,INLAND,"2914 Dartmouth St, Bakersfield, CA 93305, USA"
-118.98,35.4,36.0,1864.0,331.0,1052.0,325.0,3.4205,76600.0,INLAND,"2914 Dartmouth St, Bakersfield, CA 93305, USA"
-122.15,37.7,36.0,1468.0,252.0,733.0,229.0,3.4583,192600.0,NEAR BAY,"990 Arguello Dr, San Leandro, CA 94578, USA"
-122.19,37.84,18.0,1617.0,210.0,533.0,194.0,11.6017,392600.0,NEAR BAY,"2112 Manzanita Dr, Oakland, CA 94611, USA"
-122.25,37.82,52.0,1424.0,289.0,550.0,253.0,5.0917,262500.0,NEAR BAY,"615 Mariposa Ave, Oakland, CA 94610, USA"
-121.07,39.09,17.0,1878.0,345.0,892.0,299.0,2.8864,143100.0,INLAND,"19615 Valkenburg Ln, Grass Valley, CA 95949, USA"
-122.26,37.82,31.0,4596.0,1331.0,2048.0,1180.0,2.8345,183800.0,NEAR BAY,"45 Randwick Ave, Oakland, CA 94611, USA"
-122.25,37.83,52.0,1279.0,287.0,534.0,291.0,3.1429,231600.0,NEAR BAY,"190 John St, Oakland, CA 94611, USA"
-122.14,37.71,27.0,3094.0,866.0,1364.0,789.0,2.6101,181700.0,NEAR BAY,"14290 Rose Dr, San Leandro, CA 94578, USA"
-122.25,37.83,28.0,5022.0,1750.0,2558.0,1661.0,2.4234,218500.0,NEAR BAY,"190 John St, Oakland, CA 94611, USA"
-122.14,37.71,18.0,3905.0,1007.0,2197.0,1044.0,3.6932,166800.0,NEAR BAY,"14290 Rose Dr, San Leandro, CA 94578, USA"
-122.19,37.8,52.0,1813.0,271.0,637.0,277.0,4.0114,263400.0,NEAR BAY,"3548 Monterey Blvd, Oakland, CA 94619, USA"
-118.14,34.02,42.0,1384.0,458.0,1825.0,455.0,1.4178,145500.0,<1H OCEAN,"650 Harding Ave, East Los Angeles, CA 90022, USA"
-118.14,34.01,46.0,1746.0,447.0,1296.0,392.0,2.3929,156800.0,<1H OCEAN,"6147 E Hereford Dr, East Los Angeles, CA 90022, USA"
-122.11,37.69,37.0,2444.0,651.0,1562.0,618.0,2.6464,155200.0,NEAR BAY,"16803 Clinton Ave, San Leandro, CA 94578, USA"
-122.16,37.69,36.0,1480.0,278.0,796.0,283.0,4.3971,205700.0,NEAR BAY,"15042 Milford St, San Leandro, CA 94579, USA"
-122.22,37.8,52.0,2721.0,541.0,1185.0,515.0,4.5428,239800.0,NEAR BAY,"3459 Morrison Ave, Oakland, CA 94602, USA"
-122.11,37.67,36.0,2110.0,389.0,952.0,370.0,3.8,187500.0,NEAR BAY,"410 W Sunset Blvd, Hayward, CA 94541, USA"
-122.24,37.81,52.0,2026.0,482.0,709.0,456.0,3.2727,268500.0,NEAR BAY,"690 Longridge Rd, Oakland, CA 94610, USA"
-122.13,37.71,44.0,1613.0,339.0,776.0,346.0,3.1103,188900.0,NEAR BAY,"14847 Lark St, San Leandro, CA 94578, USA"
-122.2,37.79,49.0,882.0,195.0,737.0,210.0,2.6667,122000.0,NEAR BAY,"3835 Quigley St, Oakland, CA 94619, USA"
-122.2,37.78,45.0,1766.0,332.0,869.0,327.0,4.5893,163500.0,NEAR BAY,"4734 Walnut St, Oakland, CA 94619, USA"
-122.13,37.68,44.0,2147.0,399.0,1175.0,401.0,4.1974,179300.0,NEAR BAY,"15894 Via Del Sol, San Lorenzo, CA 94580, USA"
-117.61,33.44,17.0,2036.0,272.0,713.0,265.0,6.5954,346200.0,NEAR OCEAN,"421 Calle Robles, San Clemente, CA 92672, USA"
-122.1,37.68,38.0,1779.0,413.0,1061.0,400.0,3.0962,180900.0,NEAR BAY,"774 Blossom Way, Hayward, CA 94541, USA"
-122.09,37.68,41.0,1382.0,353.0,704.0,314.0,3.5114,197500.0,NEAR BAY,"21860 Main St, Hayward, CA 94541, USA"
-121.06,39.04,14.0,1651.0,279.0,633.0,261.0,4.2802,194800.0,INLAND,"23656 Woodhaven Pl, Auburn, CA 95602, USA"
-121.06,39.04,15.0,1999.0,287.0,585.0,246.0,5.5161,361900.0,INLAND,"23656 Woodhaven Pl, Auburn, CA 95602, USA"
-122.13,37.68,45.0,2457.0,445.0,1129.0,422.0,4.0588,182800.0,NEAR BAY,"15894 Via Del Sol, San Lorenzo, CA 94580, USA"
-122.27,37.8,16.0,994.0,392.0,800.0,362.0,2.0938,162500.0,NEAR BAY,"321 10th St, Oakland, CA 94607, USA"
-122.27,37.8,52.0,249.0,78.0,396.0,85.0,1.2434,500001.0,NEAR BAY,"321 10th St, Oakland, CA 94607, USA"
-117.68,35.62,30.0,2994.0,741.0,1481.0,581.0,2.1458,52400.0,INLAND,"229 S Norma St, Ridgecrest, CA 93555, USA"
-117.69,35.63,5.0,3151.0,482.0,1335.0,428.0,5.5773,109000.0,INLAND,"1000 W Las Flores Ave, Ridgecrest, CA 93555, USA"
-121.04,39.08,8.0,2870.0,526.0,1307.0,451.0,3.463,201700.0,INLAND,"19800 Viscia Ranch Rd, Grass Valley, CA 95949, USA"
-122.15,37.69,36.0,1545.0,273.0,863.0,267.0,4.0109,192900.0,NEAR BAY,"15058 Edgemoor St, San Leandro, CA 94579, USA"
-122.14,37.67,37.0,3342.0,,1635.0,557.0,4.7933,186900.0,NEAR BAY,"1657 Keller Ave, San Lorenzo, CA 94580, USA"
-122.11,37.67,32.0,3028.0,811.0,2037.0,703.0,3.0645,165400.0,NEAR BAY,"410 W Sunset Blvd, Hayward, CA 94541, USA"
-122.22,37.81,52.0,2024.0,339.0,756.0,340.0,4.072,270100.0,NEAR BAY,"1135 Glendora Ave, Oakland, CA 94602, USA"
-122.26,37.82,37.0,3633.0,1085.0,1838.0,980.0,2.6104,193100.0,NEAR BAY,"45 Randwick Ave, Oakland, CA 94611, USA"
-122.14,37.67,36.0,1487.0,249.0,641.0,243.0,4.0682,196200.0,NEAR BAY,"1657 Keller Ave, San Lorenzo, CA 94580, USA"
-122.16,37.69,36.0,1118.0,219.0,625.0,228.0,3.7813,192200.0,NEAR BAY,"15042 Milford St, San Leandro, CA 94579, USA"
-122.22,37.84,50.0,2935.0,473.0,1031.0,479.0,7.5,295200.0,NEAR BAY,"6925 Broadway Terrace, Oakland, CA 94611, USA"
-121.14,39.1,13.0,1085.0,227.0,629.0,214.0,5.0389,171500.0,INLAND,"14454 Lime Kiln Rd, Grass Valley, CA 95949, USA"
-121.11,39.09,16.0,1000.0,197.0,508.0,190.0,2.3062,138800.0,INLAND,"12521 Lime Kiln Rd, Grass Valley, CA 95949, USA"
-121.07,39.04,9.0,2374.0,372.0,884.0,333.0,4.5042,206400.0,INLAND,"11381 Lakeshore N, Auburn, CA 95602, USA"
-121.07,39.13,8.0,4839.0,832.0,1977.0,762.0,4.0848,155900.0,INLAND,"10272 Round Valley Rd, Grass Valley, CA 95949, USA"
-121.12,39.2,9.0,1431.0,254.0,681.0,221.0,3.045,170400.0,INLAND,"13378 Deadmans Flat Rd, Grass Valley, CA 95949, USA"
-121.08,39.02,13.0,1839.0,275.0,752.0,270.0,4.2031,209600.0,INLAND,"11060 Treehenge Ln, Auburn, CA 95602, USA"
-121.06,39.03,11.0,1887.0,303.0,775.0,283.0,3.8417,187200.0,INLAND,"24211 Ash Ct, Auburn, CA 95602, USA"
-119.82,36.32,18.0,942.0,193.0,424.0,174.0,2.0673,87500.0,INLAND,"20161 W Glendale Ave, Lemoore, CA 93245, USA"
-121.07,39.15,15.0,6828.0,1319.0,3002.0,1318.0,2.4726,143400.0,INLAND,"10114 Timberland Dr, Grass Valley, CA 95949, USA"
-118.46,35.12,16.0,4084.0,812.0,2033.0,668.0,3.2405,85500.0,INLAND,"715 Brentwood Dr, Tehachapi, CA 93561, USA"
-121.0,39.09,7.0,439.0,84.0,246.0,80.0,3.0781,162500.0,INLAND,"12950 Amber St, Grass Valley, CA 95949, USA"
-122.2,37.77,39.0,2689.0,597.0,1888.0,537.0,2.2562,94800.0,NEAR BAY,"1817 55th Ave, Oakland, CA 94621, USA"
-122.2,37.79,35.0,1802.0,459.0,1009.0,390.0,2.3036,126000.0,NEAR BAY,"3835 Quigley St, Oakland, CA 94619, USA"
-122.25,37.83,35.0,1613.0,428.0,675.0,422.0,3.4722,243100.0,NEAR BAY,"190 John St, Oakland, CA 94611, USA"
-122.21,37.78,43.0,1702.0,460.0,1227.0,407.0,1.7188,126800.0,NEAR BAY,"2172 Rosedale Ave, Oakland, CA 94601, USA"
-122.2,37.79,44.0,1621.0,452.0,1354.0,491.0,2.6189999999999998,134700.0,NEAR BAY,"3835 Quigley St, Oakland, CA 94619, USA"
-122.06,37.67,22.0,3882.0,816.0,1830.0,743.0,4.2733,180700.0,NEAR BAY,"1984 Nina Ct, Hayward, CA 94541, USA"
-122.26,38.36,25.0,1821.0,344.0,349.0,179.0,6.9931,398800.0,INLAND,"179 Canyon Dr, Napa, CA 94558, USA"
-122.26,38.33,34.0,2048.0,316.0,780.0,267.0,5.815,339200.0,NEAR BAY,"1310 Hestia Way, Napa, CA 94558, USA"
-122.27,37.79,27.0,1055.0,347.0,718.0,302.0,2.6354,187500.0,NEAR BAY,"15 Embarcadero West, Oakland, CA 94607, USA"
-117.8,33.81,14.0,1206.0,142.0,572.0,149.0,8.847000000000001,388700.0,<1H OCEAN,"1270 N Richard St, Orange, CA 92869, USA"
-122.25,37.81,28.0,5806.0,1603.0,2563.0,1497.0,3.2177,273400.0,NEAR BAY,"431 Lagunitas Ave, Oakland, CA 94610, USA"
-122.27,37.8,10.0,105.0,42.0,125.0,39.0,0.9722,137500.0,NEAR BAY,"321 10th St, Oakland, CA 94607, USA"
-122.19,37.79,47.0,1229.0,243.0,582.0,256.0,2.9514,198100.0,NEAR BAY,"3853 High St, Oakland, CA 94619, USA"
-117.98,35.13,5.0,4849.0,920.0,2504.0,847.0,3.5391,81900.0,INLAND,"21237 83rd St, California City, CA 93505, USA"
-117.68,35.63,18.0,4334.0,641.0,1777.0,661.0,6.0653,105300.0,INLAND,"526 W Las Flores Ave, Ridgecrest, CA 93555, USA"
-122.24,38.31,38.0,1938.0,301.0,823.0,285.0,6.1089,280800.0,NEAR BAY,"2069 3rd Ave, Napa, CA 94558, USA"
-118.96,35.4,27.0,2473.0,400.0,1271.0,427.0,3.5524,89100.0,INLAND,"2912 Noble Ave, Bakersfield, CA 93306, USA"
-122.22,37.85,28.0,5287.0,1048.0,2031.0,956.0,5.457000000000001,337300.0,NEAR BAY,"6900 Broadway, Oakland, CA 94611, USA"
-122.25,37.82,28.0,3337.0,855.0,1520.0,802.0,3.9063,225000.0,NEAR BAY,"615 Mariposa Ave, Oakland, CA 94610, USA"
-122.25,37.81,39.0,854.0,242.0,389.0,228.0,3.125,237500.0,NEAR BAY,"431 Lagunitas Ave, Oakland, CA 94610, USA"
-122.21,37.84,44.0,3424.0,597.0,1358.0,597.0,6.0194,292300.0,NEAR BAY,"6131 Thornhill Dr, Oakland, CA 94611, USA"
-122.22,37.8,52.0,2286.0,464.0,1073.0,441.0,3.0298,199600.0,NEAR BAY,"3459 Morrison Ave, Oakland, CA 94602, USA"
-122.25,37.81,29.0,4656.0,1414.0,2304.0,1250.0,2.4912,257800.0,NEAR BAY,"431 Lagunitas Ave, Oakland, CA 94610, USA"
-122.28,37.84,52.0,729.0,160.0,395.0,155.0,1.6875,132000.0,NEAR BAY,"5630 Gaskill St, Oakland, CA 94608, USA"
-117.87,33.6,20.0,3212.0,572.0,1064.0,526.0,6.6155,500001.0,<1H OCEAN,"621 Jasmine Ave, Corona Del Mar, CA 92625, USA"
-117.68,35.61,9.0,4241.0,832.0,1929.0,742.0,3.5988,84500.0,INLAND,"730 S Allen St, Ridgecrest, CA 93555, USA"
-122.19,37.83,28.0,1326.0,184.0,463.0,190.0,8.2049,335200.0,NEAR BAY,"6228 Elderberry Dr, Oakland, CA 94611, USA"
-122.2,37.78,39.0,1752.0,399.0,1071.0,376.0,3.1167,121600.0,NEAR BAY,"4734 Walnut St, Oakland, CA 94619, USA"
-122.23,37.84,50.0,2515.0,399.0,970.0,373.0,5.8596,327600.0,NEAR BAY,"241 Florence Ave, Oakland, CA 94618, USA"
-121.18,39.19,16.0,1528.0,351.0,729.0,319.0,2.4688,138800.0,INLAND,"10933 Spenceville Rd, Penn Valley, CA 95946, USA"
-122.23,37.84,47.0,3175.0,454.0,1098.0,485.0,5.2868,347600.0,NEAR BAY,"241 Florence Ave, Oakland, CA 94618, USA"
-122.2,37.77,41.0,1547.0,415.0,1024.0,341.0,2.0562,102000.0,NEAR BAY,"1817 55th Ave, Oakland, CA 94621, USA"
-117.68,35.64,15.0,3253.0,573.0,1408.0,586.0,5.2043,95700.0,INLAND,"525 Sydnor Ave, Ridgecrest, CA 93555, USA"
-122.16,37.74,47.0,824.0,223.0,533.0,166.0,2.625,98200.0,NEAR BAY,"1939 107th Ave, Oakland, CA 94603, USA"
-122.16,37.74,46.0,1029.0,181.0,567.0,211.0,3.4844,129500.0,NEAR BAY,"1939 107th Ave, Oakland, CA 94603, USA"
-121.2,39.23,9.0,2802.0,447.0,955.0,418.0,5.2359,213300.0,INLAND,"19050 Jayhawk Dr, Penn Valley, CA 95946, USA"
-117.7,35.62,18.0,2657.0,496.0,1426.0,483.0,3.5931,71900.0,INLAND,"229 Goss St, Ridgecrest, CA 93555, USA"
-122.14,37.67,37.0,3156.0,534.0,1495.0,543.0,4.8125,188300.0,NEAR BAY,"1657 Keller Ave, San Lorenzo, CA 94580, USA"
-118.96,35.38,41.0,2417.0,435.0,973.0,406.0,3.0568,85600.0,INLAND,"1708 Camino Primavera, Bakersfield, CA 93306, USA"
-117.66,35.6,14.0,1740.0,391.0,850.0,317.0,2.5812,91700.0,INLAND,"557 E Dolphin Ave, Ridgecrest, CA 93555, USA"
-122.15,37.68,35.0,2632.0,447.0,1349.0,486.0,4.3864,205200.0,NEAR BAY,"15458 Farnsworth St, San Leandro, CA 94579, USA"
-118.96,35.38,34.0,2047.0,347.0,888.0,352.0,3.6734,92900.0,INLAND,"1708 Camino Primavera, Bakersfield, CA 93306, USA"
-118.17,34.03,41.0,2099.0,530.0,2325.0,528.0,2.1979,140800.0,<1H OCEAN,"458 Betty Ave, East Los Angeles, CA 90022, USA"
-122.21,37.8,39.0,2003.0,500.0,1109.0,464.0,3.0682,156500.0,NEAR BAY,"3563 Laguna Ave, Oakland, CA 94602, USA"
-122.22,37.81,52.0,2944.0,536.0,1034.0,521.0,5.3509,302100.0,NEAR BAY,"1135 Glendora Ave, Oakland, CA 94602, USA"
-122.08,37.65,35.0,1813.0,393.0,1093.0,374.0,3.6818,165400.0,NEAR BAY,"106 Lund Ave, Hayward, CA 94544, USA"
-119.0,35.39,42.0,2839.0,516.0,1203.0,487.0,3.7708,79400.0,INLAND,"115 Bernard St, Bakersfield, CA 93305, USA"
-117.85,33.88,14.0,4753.0,681.0,2138.0,678.0,7.3658,288500.0,<1H OCEAN,"907 Farmer Ln, Placentia, CA 92870, USA"
-122.29,37.87,46.0,1267.0,324.0,792.0,321.0,2.525,165900.0,NEAR BAY,"1970 Curtis St, Berkeley, CA 94702, USA"
-122.29,37.87,52.0,2225.0,460.0,1145.0,430.0,2.6165,150000.0,NEAR BAY,"1970 Curtis St, Berkeley, CA 94702, USA"
-122.29,37.87,44.0,2539.0,755.0,1382.0,713.0,2.537,175000.0,NEAR BAY,"1970 Curtis St, Berkeley, CA 94702, USA"
-122.22,37.78,50.0,1776.0,473.0,1807.0,440.0,1.7276,102300.0,NEAR BAY,"1664 35th Ave, Oakland, CA 94601, USA"
-117.85,33.89,24.0,3326.0,503.0,1616.0,494.0,5.7457,240600.0,<1H OCEAN,"4932 Cartlen Dr, Placentia, CA 92870, USA"
-122.29,38.3,52.0,935.0,224.0,315.0,207.0,1.8287,146900.0,NEAR BAY,"1364 Calistoga Ave, Napa, CA 94559, USA"
-122.22,37.81,52.0,2927.0,402.0,1021.0,380.0,8.1564,390100.0,NEAR BAY,"1135 Glendora Ave, Oakland, CA 94602, USA"
-117.78,33.86,16.0,3471.0,708.0,1769.0,691.0,4.1064,246100.0,<1H OCEAN,"179 E La Palma Ave, Anaheim, CA 92807, USA"
-122.1,37.65,25.0,2538.0,494.0,1185.0,501.0,4.5417,194400.0,NEAR BAY,"819 Poinciana St, Hayward, CA 94545, USA"
-122.24,37.81,52.0,1490.0,238.0,634.0,256.0,6.0302,287300.0,NEAR BAY,"690 Longridge Rd, Oakland, CA 94610, USA"
-122.28,37.87,52.0,1233.0,300.0,571.0,292.0,2.2788,182300.0,NEAR BAY,"1545 Addison St, Berkeley, CA 94703, USA"
-122.23,37.81,52.0,1433.0,229.0,612.0,213.0,4.7708,314700.0,NEAR BAY,"1021 Longridge Rd, Oakland, CA 94610, USA"
-122.29,37.86,50.0,2485.0,607.0,1354.0,563.0,1.9483,150500.0,NEAR BAY,"2527 Tenth St, Berkeley, CA 94710, USA"
-122.24,37.8,52.0,888.0,168.0,360.0,175.0,2.1944,211500.0,NEAR BAY,"2514 9th Ave, Oakland, CA 94606, USA"
-122.23,37.8,52.0,2033.0,486.0,787.0,459.0,3.1603,269500.0,NEAR BAY,"1444 E 32nd St, Oakland, CA 94602, USA"
-122.26,37.86,35.0,5161.0,1744.0,3276.0,1742.0,1.6307,253600.0,NEAR BAY,"2344 Ward St, Berkeley, CA 94705, USA"
-122.26,37.86,52.0,3497.0,832.0,1493.0,794.0,2.9044,257400.0,NEAR BAY,"2344 Ward St, Berkeley, CA 94705, USA"
-122.25,37.87,52.0,609.0,236.0,1349.0,250.0,1.1696,500001.0,NEAR BAY,"15 Canyon Rd, Berkeley, CA 94704, USA"
-122.25,37.87,41.0,685.0,141.0,266.0,123.0,5.2289,384600.0,NEAR BAY,"15 Canyon Rd, Berkeley, CA 94704, USA"
-122.28,37.88,52.0,1193.0,200.0,506.0,207.0,4.1912,254500.0,NEAR BAY,"1400 McGee Ave, Berkeley, CA 94703, USA"
-122.24,37.81,52.0,2513.0,502.0,1048.0,518.0,3.675,269900.0,NEAR BAY,"690 Longridge Rd, Oakland, CA 94610, USA"
-122.23,38.33,31.0,3440.0,574.0,1538.0,537.0,5.5368,325900.0,NEAR BAY,"4100 Hagen Rd, Napa, CA 94558, USA"
-122.29,37.87,52.0,895.0,198.0,386.0,204.0,3.875,182600.0,NEAR BAY,"1970 Curtis St, Berkeley, CA 94702, USA"
-118.96,35.41,29.0,3548.0,729.0,1542.0,659.0,2.947,87100.0,INLAND,"2931 Crest Dr, Bakersfield, CA 93306, USA"
-118.98,35.41,36.0,1482.0,266.0,640.0,274.0,3.875,94500.0,INLAND,"1133 Panorama Dr, Bakersfield, CA 93305, USA"
-118.0,33.85,33.0,2053.0,418.0,1154.0,405.0,4.0455,197200.0,<1H OCEAN,"7575 El Escorial Way, Buena Park, CA 90620, USA"
-120.64,36.99,23.0,2363.0,449.0,1168.0,410.0,2.2794,75700.0,INLAND,"2883 Evelyn Ln, Dos Palos, CA 93620, USA"
-122.26,37.88,52.0,2604.0,837.0,1798.0,769.0,1.725,287500.0,NEAR BAY,"1546 Le Roy Ave, Berkeley, CA 94708, USA"
-117.95,35.13,4.0,2630.0,502.0,1150.0,422.0,4.25,104400.0,INLAND,"21291 Windsong St, California City, CA 93505, USA"
-117.67,33.46,18.0,1679.0,271.0,783.0,257.0,5.3999,300000.0,<1H OCEAN,"34652 Via Catalina, Capistrano Beach, CA 92624, USA"
-118.98,37.64,17.0,3769.0,908.0,1160.0,453.0,3.05,188900.0,INLAND,"2728 Meridian Blvd, Mammoth Lakes, CA 93546, USA"
-117.78,33.82,12.0,6208.0,750.0,2443.0,739.0,9.1808,413700.0,<1H OCEAN,"6826 E Hidden Oaks Ln, Orange, CA 92867, USA"
-117.82,33.9,25.0,1137.0,170.0,524.0,164.0,7.5744,259300.0,<1H OCEAN,"4181 Eureka Ave, Yorba Linda, CA 92886, USA"
-117.78,33.85,16.0,3781.0,504.0,1665.0,499.0,7.2554,335600.0,<1H OCEAN,"6083 E Constantine Rd, Anaheim, CA 92807, USA"
-117.79,33.71,16.0,3114.0,463.0,1641.0,469.0,6.2162,283200.0,<1H OCEAN,"3672 S Mall St, Irvine, CA 92606, USA"
-117.82,33.84,25.0,1788.0,203.0,676.0,217.0,10.1299,454300.0,<1H OCEAN,"4415 E Orange Creek Ln, Anaheim, CA 92807, USA"
-118.99,35.4,48.0,1908.0,331.0,789.0,321.0,3.5714,84600.0,INLAND,"2870 Skyline Blvd, Bakersfield, CA 93305, USA"
-121.02,37.09,17.0,1118.0,270.0,560.0,244.0,2.0216,112500.0,INLAND,"29195 Rio Verde Dr, Santa Nella, CA 95322, USA"
-117.81,33.88,19.0,2265.0,283.0,904.0,279.0,9.2327,461300.0,<1H OCEAN,"18555 Lookout Dr, Yorba Linda, CA 92886, USA"
-118.05,33.85,25.0,2856.0,388.0,1212.0,362.0,6.1737,313100.0,<1H OCEAN,"4761 Sharon Dr, La Palma, CA 90623, USA"
-117.66,33.61,17.0,3464.0,519.0,1713.0,530.0,6.0471,248400.0,<1H OCEAN,"24276 Ensenada Ln, Mission Viejo, CA 92691, USA"
-122.45,38.58,34.0,2517.0,483.0,1324.0,464.0,3.0938,189400.0,INLAND,"460 College Ave, Angwin, CA 94508, USA"
-119.65,36.34,47.0,1869.0,357.0,832.0,315.0,3.0846,76100.0,INLAND,"1325 Kaweah St, Hanford, CA 93230, USA"
-117.8,33.64,8.0,4447.0,713.0,1680.0,705.0,8.8693,450400.0,<1H OCEAN,"17 Morning Breeze, Irvine, CA 92603, USA"
-117.68,33.63,13.0,5830.0,921.0,2897.0,891.0,6.2403,257400.0,<1H OCEAN,"25791 Brookmont, Lake Forest, CA 92630, USA"
-119.66,36.32,24.0,2652.0,568.0,1532.0,445.0,2.3256,56800.0,INLAND,"550 Garland Way, Hanford, CA 93230, USA"
-122.22,37.79,38.0,3049.0,711.0,2167.0,659.0,2.7969,141700.0,NEAR BAY,"2662 Fruitvale Ave, Oakland, CA 94601, USA"
-117.91,33.61,40.0,2790.0,531.0,952.0,424.0,4.8,500001.0,<1H OCEAN,"909 Via Lido Nord, Newport Beach, CA 92663, USA"
-117.9,33.63,26.0,1632.0,376.0,598.0,375.0,3.2125,455000.0,<1H OCEAN,"1526 Ruth Ln, Newport Beach, CA 92660, USA"
-117.63,33.62,9.0,4257.0,785.0,1293.0,745.0,3.7139,196700.0,<1H OCEAN,"23589 Castle Rock, Mission Viejo, CA 92692, USA"
-117.67,33.6,25.0,3164.0,449.0,1517.0,453.0,6.7921,266000.0,<1H OCEAN,"24650 Mosquero Ln, Mission Viejo, CA 92691, USA"
-117.8,33.7,5.0,1549.0,378.0,735.0,355.0,5.2923,194000.0,<1H OCEAN,"321 Deerfield Ave, Irvine, CA 92606, USA"
-117.9,33.85,35.0,1756.0,328.0,1026.0,332.0,3.6,193500.0,<1H OCEAN,"1128 N Boden Dr, Anaheim, CA 92805, USA"
-117.9,33.65,24.0,4496.0,877.0,1928.0,855.0,4.6808,245500.0,<1H OCEAN,"274 Albert Pl, Costa Mesa, CA 92627, USA"
-117.9,33.83,33.0,3065.0,611.0,2204.0,606.0,3.8456,211800.0,<1H OCEAN,"689 S East St, Anaheim, CA 92805, USA"
-117.76,33.53,18.0,3224.0,561.0,1310.0,580.0,8.4614,391900.0,<1H OCEAN,"1048 Miramar St, Laguna Beach, CA 92651, USA"
-122.14,37.67,34.0,3036.0,533.0,1366.0,500.0,4.2386,192300.0,NEAR BAY,"1657 Keller Ave, San Lorenzo, CA 94580, USA"
-117.84,33.82,24.0,10281.0,1689.0,4926.0,1629.0,4.7946,251200.0,<1H OCEAN,"1911 N Greengrove St, Orange, CA 92865, USA"
-117.88,33.83,25.0,1785.0,248.0,750.0,251.0,6.8407,266700.0,<1H OCEAN,"841 S Vale Ave, Anaheim, CA 92806, USA"
-122.28,37.84,52.0,2153.0,481.0,1168.0,441.0,1.9615,115200.0,NEAR BAY,"5630 Gaskill St, Oakland, CA 94608, USA"
-117.94,33.85,37.0,588.0,121.0,436.0,104.0,4.275,186200.0,<1H OCEAN,"1683 W Cutter Rd, Anaheim, CA 92801, USA"
-117.94,33.85,26.0,1888.0,429.0,1550.0,458.0,3.3393,168600.0,<1H OCEAN,"1683 W Cutter Rd, Anaheim, CA 92801, USA"
-117.81,33.63,17.0,4477.0,610.0,1798.0,612.0,8.1093,410400.0,<1H OCEAN,"6286 Sierra Siena Rd, Irvine, CA 92603, USA"
-117.86,33.62,23.0,3166.0,411.0,1092.0,345.0,7.9367,500001.0,<1H OCEAN,"1815 Port Wheeler Pl, Newport Beach, CA 92660, USA"
-117.87,33.84,16.0,1545.0,354.0,730.0,350.0,4.5112,139000.0,<1H OCEAN,"134 S Beth Cir, Anaheim, CA 92806, USA"
-118.19,34.04,40.0,1279.0,316.0,1438.0,329.0,2.1774,157600.0,<1H OCEAN,"322 N Hicks Ave, Los Angeles, CA 90063, USA"
-122.26,37.82,22.0,3682.0,1270.0,2024.0,1250.0,1.2185,170000.0,NEAR BAY,"45 Randwick Ave, Oakland, CA 94611, USA"
-118.18,34.03,26.0,859.0,255.0,835.0,232.0,1.1929,143800.0,<1H OCEAN,"457 S Downey Rd, Los Angeles, CA 90063, USA"
-118.18,34.03,39.0,609.0,145.0,690.0,134.0,2.9167,145800.0,<1H OCEAN,"457 S Downey Rd, Los Angeles, CA 90063, USA"
-118.18,34.04,42.0,1670.0,,1997.0,452.0,2.7880000000000003,150500.0,<1H OCEAN,"4017 San Carlos St, Los Angeles, CA 90063, USA"
-122.1,37.65,36.0,410.0,76.0,252.0,82.0,4.5303,175000.0,NEAR BAY,"819 Poinciana St, Hayward, CA 94545, USA"
-118.18,34.03,40.0,2631.0,698.0,2920.0,677.0,2.0764,145600.0,<1H OCEAN,"457 S Downey Rd, Los Angeles, CA 90063, USA"
-118.0,33.82,21.0,2253.0,580.0,1536.0,500.0,3.2326,204700.0,<1H OCEAN,"3143 W Teranimar Dr, Anaheim, CA 92804, USA"
-118.66,35.2,7.0,9664.0,1692.0,3617.0,1370.0,4.0581,162900.0,INLAND,"29701 Goldspike Rd, Tehachapi, CA 93561, USA"
-121.3,37.97,52.0,2980.0,537.0,1128.0,510.0,4.061,113600.0,INLAND,"230 Bedford Rd, Stockton, CA 95204, USA"
-119.67,36.35,10.0,1090.0,164.0,470.0,158.0,4.9432,118800.0,INLAND,"1561 W Chianti Way, Hanford, CA 93230, USA"
-118.48,35.14,4.0,8417.0,1657.0,4631.0,1468.0,3.6949,115800.0,INLAND,"22009 Lilac St, Tehachapi, CA 93561, USA"
-118.29,34.16,35.0,1257.0,318.0,764.0,319.0,3.2083,238000.0,<1H OCEAN,"1309 Aristo St, Glendale, CA 91201, USA"
-122.1,37.66,37.0,901.0,191.0,599.0,206.0,3.7303,149700.0,NEAR BAY,"23742 Ida Ln, Hayward, CA 94541, USA"
-121.29,37.93,24.0,1438.0,351.0,1294.0,342.0,2.7829,61800.0,INLAND,"339 W 6th St, Stockton, CA 95206, USA"
-122.1,37.66,34.0,656.0,115.0,342.0,112.0,4.6875,200600.0,NEAR BAY,"23742 Ida Ln, Hayward, CA 94541, USA"
-121.29,37.98,49.0,2501.0,565.0,1171.0,550.0,2.5043,76700.0,INLAND,"2920 American St, Stockton, CA 95204, USA"
-121.34,37.96,27.0,1839.0,442.0,2010.0,416.0,2.1284,59400.0,INLAND,"2958 Canal Dr, Stockton, CA 95204, USA"
-118.51,35.16,7.0,4371.0,727.0,1932.0,654.0,4.625,136800.0,INLAND,"23551 Rolly Ave, Tehachapi, CA 93561, USA"
-122.1,37.66,35.0,686.0,142.0,480.0,149.0,3.875,162100.0,NEAR BAY,"23742 Ida Ln, Hayward, CA 94541, USA"
-122.23,37.8,52.0,1252.0,299.0,844.0,280.0,2.3929,111900.0,NEAR BAY,"1444 E 32nd St, Oakland, CA 94602, USA"
-122.23,37.8,50.0,1746.0,480.0,1149.0,415.0,2.25,123500.0,NEAR BAY,"1444 E 32nd St, Oakland, CA 94602, USA"
-119.72,36.32,40.0,1185.0,221.0,676.0,256.0,2.2721,52600.0,INLAND,"10537 14 1/2 Ave, Lemoore, CA 93245, USA"
-119.73,36.31,20.0,2440.0,433.0,1579.0,400.0,2.8281,60200.0,INLAND,"15169 W Hanford Armona Rd, Lemoore, CA 93245, USA"
-118.44,35.13,34.0,1170.0,290.0,602.0,266.0,1.7917,80000.0,INLAND,"514 E F St, Tehachapi, CA 93561, USA"
-121.29,37.97,52.0,2995.0,555.0,1392.0,503.0,1.7794,98800.0,INLAND,"417 Walnut St, Stockton, CA 95204, USA"
-122.24,37.8,49.0,2838.0,749.0,1487.0,677.0,2.5238,169300.0,NEAR BAY,"2514 9th Ave, Oakland, CA 94606, USA"
-118.11,34.0,38.0,2573.0,484.0,1568.0,459.0,3.0208,193700.0,<1H OCEAN,"633 S 5th St, Montebello, CA 90640, USA"
-119.8,36.29,7.0,479.0,84.0,327.0,103.0,5.1728,107500.0,INLAND,"659 Contenta Ct, Lemoore, CA 93245, USA"
-119.83,36.37,25.0,1549.0,269.0,819.0,272.0,2.7159,101400.0,INLAND,"20750 Fremont Ave, Lemoore, CA 93245, USA"
-119.63,36.35,4.0,1684.0,343.0,920.0,324.0,4.2396,90600.0,INLAND,"975 E Leland Way, Hanford, CA 93230, USA"
-119.77,36.31,14.0,3677.0,863.0,2191.0,785.0,2.6218,69100.0,INLAND,"894 Banyan Dr, Lemoore, CA 93245, USA"
-119.64,36.34,32.0,2958.0,670.0,1504.0,627.0,1.8606,56700.0,INLAND,"1320 N Normandie St, Hanford, CA 93230, USA"
-122.24,37.8,47.0,2046.0,588.0,1213.0,554.0,2.6292,182700.0,NEAR BAY,"2514 9th Ave, Oakland, CA 94606, USA"
-122.23,37.8,52.0,1192.0,289.0,772.0,257.0,2.3833,146900.0,NEAR BAY,"1444 E 32nd St, Oakland, CA 94602, USA"
-119.65,36.33,47.0,1059.0,268.0,693.0,241.0,1.3882,53800.0,INLAND,"319 Center St, Hanford, CA 93230, USA"
-119.64,36.35,23.0,3182.0,563.0,1525.0,585.0,3.8108,90400.0,INLAND,"428 E Leland Way, Hanford, CA 93230, USA"
-122.22,37.79,37.0,2343.0,574.0,1608.0,523.0,2.1494,132500.0,NEAR BAY,"2662 Fruitvale Ave, Oakland, CA 94601, USA"
-122.23,37.79,30.0,999.0,264.0,1011.0,263.0,1.8854,137500.0,NEAR BAY,"2246 23rd Ave, Oakland, CA 94606, USA"
-122.23,37.79,48.0,1696.0,396.0,1481.0,343.0,2.0375,122500.0,NEAR BAY,"2246 23rd Ave, Oakland, CA 94606, USA"
-122.23,37.79,30.0,610.0,145.0,425.0,140.0,1.6198,122700.0,NEAR BAY,"2246 23rd Ave, Oakland, CA 94606, USA"
-119.64,36.36,13.0,2360.0,340.0,1055.0,312.0,5.2134,97400.0,INLAND,"484 Orange St, Hanford, CA 93230, USA"
-117.98,33.82,34.0,1038.0,175.0,578.0,174.0,4.9219,200000.0,<1H OCEAN,"821 S Sherrill St, Anaheim, CA 92804, USA"
-117.93,33.8,34.0,3903.0,717.0,2054.0,716.0,4.2731,218000.0,<1H OCEAN,"1909 S Norma Ln, Anaheim, CA 92802, USA"
-117.97,33.83,16.0,2035.0,564.0,1118.0,503.0,3.2546,187500.0,<1H OCEAN,"2447 W Mall Ave, Anaheim, CA 92804, USA"
-117.97,33.84,25.0,2471.0,518.0,1539.0,500.0,4.2679,191700.0,<1H OCEAN,"2445 W Crescent Ave, Anaheim, CA 92801, USA"
-117.97,33.84,18.0,1063.0,209.0,462.0,223.0,2.8348,219000.0,<1H OCEAN,"2445 W Crescent Ave, Anaheim, CA 92801, USA"
-117.97,33.84,35.0,793.0,128.0,589.0,137.0,5.25,190200.0,<1H OCEAN,"2445 W Crescent Ave, Anaheim, CA 92801, USA"
-117.91,33.83,37.0,1039.0,260.0,719.0,243.0,3.0288,161400.0,<1H OCEAN,"214 E Ellsworth Ave, Anaheim, CA 92805, USA"
-117.95,33.82,29.0,2929.0,640.0,1618.0,584.0,3.6875,213200.0,<1H OCEAN,"906 S Nutwood St, Anaheim, CA 92804, USA"
-117.94,33.82,24.0,4735.0,955.0,2600.0,868.0,5.0764,228600.0,<1H OCEAN,"1662 W Beacon Ave, Anaheim, CA 92802, USA"
-117.94,33.82,29.0,1422.0,409.0,1057.0,390.0,2.3347,208100.0,<1H OCEAN,"1662 W Beacon Ave, Anaheim, CA 92802, USA"
-117.95,33.83,31.0,2421.0,389.0,1348.0,413.0,4.9394,217800.0,<1H OCEAN,"238 S Nutwood St, Anaheim, CA 92804, USA"
-117.91,33.81,18.0,1181.0,353.0,781.0,340.0,2.5625,153100.0,<1H OCEAN,"337 W Cerritos Ave, Anaheim, CA 92805, USA"
-117.99,33.82,33.0,2342.0,475.0,1367.0,509.0,4.1167,215500.0,<1H OCEAN,"2917 W Devoy Dr, Anaheim, CA 92804, USA"
-117.99,33.82,19.0,1991.0,528.0,1202.0,460.0,3.1538,252100.0,<1H OCEAN,"2917 W Devoy Dr, Anaheim, CA 92804, USA"
-122.11,37.7,29.0,1298.0,306.0,835.0,338.0,2.3274,170400.0,NEAR BAY,"1734 163rd Ave, San Leandro, CA 94578, USA"
-122.09,37.68,43.0,1415.0,348.0,569.0,293.0,2.5156,190900.0,NEAR BAY,"21860 Main St, Hayward, CA 94541, USA"
-122.13,37.67,38.0,2012.0,347.0,880.0,332.0,3.1734,181600.0,NEAR BAY,"1025 Via Honda, San Lorenzo, CA 94580, USA"
-122.04,37.66,23.0,2419.0,348.0,1066.0,384.0,6.3501,350000.0,NEAR BAY,"27044 Halifax Pl, Hayward, CA 94542, USA"
-122.11,37.69,42.0,1472.0,310.0,768.0,309.0,3.4643,160900.0,NEAR BAY,"16803 Clinton Ave, San Leandro, CA 94578, USA"
-119.61,36.33,32.0,1492.0,284.0,926.0,264.0,3.0139,61500.0,INLAND,"9881 Sierra Dr, Hanford, CA 93230, USA"
-122.05,37.63,5.0,3785.0,936.0,2240.0,792.0,3.2829,162500.0,NEAR BAY,"29536 Dixon St, Hayward, CA 94544, USA"
-122.04,37.67,29.0,1694.0,251.0,690.0,242.0,6.0501,254200.0,NEAR BAY,"3559 Star Ridge Rd, Hayward, CA 94542, USA"
-122.04,37.67,18.0,3000.0,419.0,1155.0,415.0,6.8233,332600.0,NEAR BAY,"3559 Star Ridge Rd, Hayward, CA 94542, USA"
-122.07,37.65,31.0,3300.0,790.0,2181.0,740.0,3.016,161800.0,NEAR BAY,"26023 Whitman St, Hayward, CA 94544, USA"
-122.1,37.67,34.0,3659.0,897.0,2479.0,903.0,2.9564,150500.0,NEAR BAY,"207 Laurel Ave, Hayward, CA 94541, USA"
-122.13,37.69,34.0,1131.0,278.0,560.0,237.0,2.875,161700.0,NEAR BAY,"190 College St, San Lorenzo, CA 94580, USA"
-122.04,37.65,10.0,8299.0,1326.0,3827.0,1288.0,6.2579,315500.0,NEAR BAY,"2757 Gamble Ct, Hayward, CA 94542, USA"
-122.11,37.68,37.0,1976.0,481.0,1197.0,465.0,2.5772,170200.0,NEAR BAY,"187 Medford Ave, Hayward, CA 94541, USA"
-118.02,33.84,35.0,3473.0,563.0,2091.0,580.0,4.4821,214100.0,<1H OCEAN,"8461 Holder St, Buena Park, CA 90620, USA"
-120.99,39.13,14.0,770.0,116.0,285.0,116.0,3.6434,155400.0,INLAND,"20129 Brougham Rd, Grass Valley, CA 95949, USA"
-118.05,33.81,26.0,2523.0,437.0,1377.0,450.0,5.2542,234600.0,<1H OCEAN,"10497 Ethel Cir, Cypress, CA 90630, USA"
-120.99,39.22,16.0,1497.0,275.0,737.0,243.0,2.8942,182500.0,INLAND,"13110 Madrona Leaf Ct, Grass Valley, CA 95945, USA"
-118.04,33.85,23.0,3132.0,469.0,1646.0,478.0,5.777,315900.0,<1H OCEAN,"5351 Polis Dr, La Palma, CA 90623, USA"
-122.46,37.71,52.0,1580.0,337.0,1425.0,330.0,4.0547,246200.0,NEAR OCEAN,"76 De Long St, San Francisco, CA 94112, USA"
-117.6,33.43,21.0,3951.0,562.0,1392.0,543.0,5.1439,414000.0,NEAR OCEAN,"785 Avenida Salvador, San Clemente, CA 92672, USA"
-118.02,33.82,21.0,2052.0,456.0,1173.0,432.0,3.7885,204500.0,<1H OCEAN,"9805 Holder St, Cypress, CA 90630, USA"
-122.28,37.88,52.0,1844.0,332.0,769.0,334.0,4.2614,261300.0,NEAR BAY,"1400 McGee Ave, Berkeley, CA 94703, USA"
-122.43,37.71,52.0,1410.0,286.0,879.0,282.0,3.1908,255600.0,NEAR BAY,"34 Lapham Way, San Francisco, CA 94112, USA"
-122.43,37.71,52.0,1508.0,278.0,1138.0,304.0,4.0234,266500.0,NEAR BAY,"34 Lapham Way, San Francisco, CA 94112, USA"
-122.43,37.71,35.0,2878.0,564.0,1633.0,528.0,4.5,266900.0,NEAR BAY,"34 Lapham Way, San Francisco, CA 94112, USA"
-118.11,34.07,46.0,1130.0,229.0,698.0,209.0,5.2719,244400.0,<1H OCEAN,"908 E Hellman Ave, Monterey Park, CA 91755, USA"
-122.24,37.81,52.0,2485.0,313.0,953.0,327.0,6.8591,352400.0,NEAR BAY,"690 Longridge Rd, Oakland, CA 94610, USA"
-117.88,33.87,21.0,1519.0,388.0,1203.0,366.0,3.2083,145300.0,<1H OCEAN,"118 S Derek Dr, Fullerton, CA 92831, USA"
-122.28,37.87,49.0,2026.0,548.0,963.0,521.0,1.9805,173700.0,NEAR BAY,"1545 Addison St, Berkeley, CA 94703, USA"
-122.26,37.88,52.0,2551.0,417.0,894.0,404.0,6.2425,391800.0,NEAR BAY,"1546 Le Roy Ave, Berkeley, CA 94708, USA"
-117.99,33.88,15.0,2298.0,567.0,1261.0,527.0,4.2422,159400.0,<1H OCEAN,"8241 Henshaw Cir, Buena Park, CA 90621, USA"
-122.25,37.87,42.0,1756.0,465.0,2184.0,422.0,2.5562,371400.0,NEAR BAY,"15 Canyon Rd, Berkeley, CA 94704, USA"
-117.97,33.89,15.0,3801.0,542.0,1992.0,526.0,9.0683,367400.0,<1H OCEAN,"1705 Baronet Pl, Fullerton, CA 92833, USA"
-117.61,33.43,24.0,2303.0,399.0,851.0,379.0,3.9875,346500.0,NEAR OCEAN,"120 El Levante, San Clemente, CA 92672, USA"
-117.61,33.43,33.0,1150.0,383.0,604.0,317.0,2.3545,187500.0,NEAR OCEAN,"120 El Levante, San Clemente, CA 92672, USA"
-122.28,37.88,52.0,1909.0,416.0,811.0,406.0,3.0060000000000002,227900.0,NEAR BAY,"1400 McGee Ave, Berkeley, CA 94703, USA"
-117.99,33.86,36.0,1138.0,228.0,725.0,219.0,3.4167,187200.0,<1H OCEAN,"8211 Orangethorpe Ave, Buena Park, CA 90621, USA"
-122.28,37.87,46.0,1777.0,446.0,805.0,431.0,2.8676,212000.0,NEAR BAY,"1545 Addison St, Berkeley, CA 94703, USA"
-122.46,37.71,47.0,1527.0,283.0,1102.0,282.0,4.0,231600.0,NEAR OCEAN,"76 De Long St, San Francisco, CA 94112, USA"
-121.92,37.96,14.0,5332.0,884.0,2093.0,839.0,5.2798,237400.0,INLAND,"2560 Hess Rd, Concord, CA 94521, USA"
-122.4,37.72,47.0,1167.0,250.0,953.0,253.0,4.2727,241900.0,NEAR BAY,"3323 San Bruno Ave, San Francisco, CA 94134, USA"
-122.4,37.72,37.0,971.0,248.0,647.0,208.0,2.1187,239300.0,NEAR BAY,"3323 San Bruno Ave, San Francisco, CA 94134, USA"
-122.41,37.71,28.0,5015.0,1240.0,3900.0,1029.0,1.2269,181900.0,NEAR BAY,"827 Sunnydale Ave, San Francisco, CA 94134, USA"
-122.41,37.71,47.0,2289.0,481.0,1697.0,465.0,3.4773,226300.0,NEAR BAY,"827 Sunnydale Ave, San Francisco, CA 94134, USA"
-122.41,37.71,40.0,2054.0,433.0,1738.0,429.0,4.9926,213900.0,NEAR BAY,"827 Sunnydale Ave, San Francisco, CA 94134, USA"
-122.42,37.73,35.0,1871.0,342.0,1055.0,310.0,4.625,279300.0,NEAR BAY,"73 Gladstone Dr, San Francisco, CA 94112, USA"
-120.99,39.18,23.0,2550.0,457.0,1016.0,405.0,3.6607,153000.0,INLAND,"14895 Meadow Dr, Grass Valley, CA 95945, USA"
-121.15,39.23,13.0,3883.0,763.0,1816.0,682.0,2.8102,144400.0,INLAND,"15591 Brandt Ln, Rough and Ready, CA 95975, USA"
-121.08,39.21,17.0,3033.0,590.0,1319.0,583.0,2.4811,111800.0,INLAND,"22 Primrose Ln, Grass Valley, CA 95945, USA"
-122.28,37.89,52.0,2070.0,329.0,722.0,306.0,5.4171,292000.0,NEAR BAY,"935 Modoc St, Berkeley, CA 94707, USA"
-122.46,37.71,52.0,1642.0,351.0,1138.0,340.0,4.1406,219500.0,NEAR OCEAN,"76 De Long St, San Francisco, CA 94112, USA"
-122.28,37.9,52.0,2261.0,328.0,819.0,335.0,4.9083,346800.0,NEAR BAY,"1800 San Ramon Ave, Berkeley, CA 94707, USA"
-122.19,37.78,52.0,1070.0,193.0,555.0,190.0,3.7262,166900.0,NEAR BAY,"3216 Madera Ave, Oakland, CA 94619, USA"
-122.25,37.89,41.0,1125.0,195.0,356.0,181.0,6.1593,344000.0,NEAR BAY,"41 Hill Rd, Berkeley, CA 94708, USA"
-122.25,37.89,42.0,2863.0,460.0,1031.0,448.0,6.7138,368600.0,NEAR BAY,"41 Hill Rd, Berkeley, CA 94708, USA"
-122.46,37.71,49.0,1711.0,348.0,1138.0,325.0,2.875,225000.0,NEAR OCEAN,"76 De Long St, San Francisco, CA 94112, USA"
-122.27,37.9,42.0,1650.0,274.0,645.0,256.0,5.6228,375400.0,NEAR BAY,"35 Alamo Ave, Berkeley, CA 94708, USA"
-122.44,37.71,31.0,2370.0,441.0,1524.0,470.0,5.0201,264100.0,NEAR BAY,"25 Hanover St, San Francisco, CA 94112, USA"
-122.23,37.8,51.0,1590.0,414.0,949.0,392.0,1.9028,127900.0,NEAR BAY,"1444 E 32nd St, Oakland, CA 94602, USA"
-121.94,37.94,26.0,1299.0,174.0,533.0,180.0,6.2296,291700.0,INLAND,"1022 Tiffin Dr, Clayton, CA 94517, USA"
-122.27,37.89,52.0,3046.0,373.0,975.0,365.0,8.8342,430500.0,NEAR BAY,"2047 Los Angeles Ave, Berkeley, CA 94707, USA"
-122.43,37.72,52.0,3351.0,719.0,2101.0,706.0,3.0107,242000.0,NEAR BAY,"506 Athens St, San Francisco, CA 94112, USA"
-122.47,37.72,46.0,1836.0,319.0,767.0,302.0,5.9114,399000.0,NEAR OCEAN,"315 Byxbee St, San Francisco, CA 94132, USA"
-122.47,37.74,52.0,2055.0,265.0,735.0,252.0,8.1189,500001.0,NEAR BAY,"2584 14th Ave, San Francisco, CA 94127, USA"
-122.47,37.72,43.0,968.0,199.0,434.0,162.0,2.5333,239300.0,NEAR OCEAN,"315 Byxbee St, San Francisco, CA 94132, USA"
-122.47,37.72,49.0,1690.0,307.0,770.0,294.0,4.5913,259700.0,NEAR OCEAN,"315 Byxbee St, San Francisco, CA 94132, USA"
-122.46,37.74,52.0,2053.0,281.0,791.0,287.0,10.959000000000001,500001.0,NEAR BAY,"25 Miraloma Dr, San Francisco, CA 94127, USA"
-122.23,37.79,43.0,5963.0,1344.0,4367.0,1231.0,2.1917,112800.0,NEAR BAY,"2246 23rd Ave, Oakland, CA 94606, USA"
-122.23,37.79,52.0,1783.0,395.0,1659.0,412.0,2.9357,107900.0,NEAR BAY,"2246 23rd Ave, Oakland, CA 94606, USA"
-122.21,37.8,48.0,1321.0,263.0,506.0,252.0,4.0977,229700.0,NEAR BAY,"3563 Laguna Ave, Oakland, CA 94602, USA"
-122.19,37.79,50.0,954.0,217.0,546.0,201.0,2.6667,172800.0,NEAR BAY,"3853 High St, Oakland, CA 94619, USA"
-122.21,37.8,52.0,3519.0,711.0,1883.0,706.0,3.4861,187100.0,NEAR BAY,"3563 Laguna Ave, Oakland, CA 94602, USA"
-122.23,37.79,40.0,930.0,199.0,564.0,184.0,1.3281,113300.0,NEAR BAY,"2246 23rd Ave, Oakland, CA 94606, USA"
-122.22,37.79,52.0,3424.0,690.0,2273.0,685.0,3.9048,164700.0,NEAR BAY,"2662 Fruitvale Ave, Oakland, CA 94601, USA"
-122.21,37.78,52.0,1477.0,300.0,1065.0,269.0,1.8472,137000.0,NEAR BAY,"2172 Rosedale Ave, Oakland, CA 94601, USA"
-122.46,37.73,52.0,2401.0,346.0,812.0,328.0,6.8322,394100.0,NEAR BAY,"909 Faxon Ave, San Francisco, CA 94112, USA"
-122.17,37.77,39.0,1612.0,342.0,912.0,322.0,3.3958,141900.0,NEAR BAY,"7316 Ney Ave, Oakland, CA 94605, USA"
-122.45,37.74,46.0,6429.0,1093.0,2535.0,1109.0,5.0887,335100.0,NEAR BAY,"565 Rockdale Dr, San Francisco, CA 94127, USA"
-117.8,33.85,16.0,4151.0,637.0,1558.0,604.0,5.806,304900.0,<1H OCEAN,"130 S Tablerock Pl, Anaheim, CA 92807, USA"
-117.81,33.84,17.0,4343.0,515.0,1605.0,484.0,10.5981,460100.0,<1H OCEAN,"510 S Westford St, Anaheim, CA 92807, USA"
-122.46,37.72,48.0,1690.0,339.0,962.0,317.0,3.2875,221500.0,NEAR OCEAN,"288 Faxon Ave, San Francisco, CA 94112, USA"
-122.46,37.72,47.0,1723.0,389.0,1216.0,399.0,3.3208,238600.0,NEAR OCEAN,"288 Faxon Ave, San Francisco, CA 94112, USA"
-122.21,37.78,47.0,881.0,248.0,753.0,241.0,2.625,111300.0,NEAR BAY,"2172 Rosedale Ave, Oakland, CA 94601, USA"
-121.29,37.94,40.0,2827.0,655.0,2037.0,574.0,2.0303,63800.0,INLAND,"130 W Jackson St, Stockton, CA 95206, USA"
-117.79,33.88,17.0,8562.0,1351.0,3822.0,1316.0,6.0829,252600.0,<1H OCEAN,"19721 Bluefield Plaza, Yorba Linda, CA 92886, USA"
-121.31,37.96,52.0,1829.0,301.0,694.0,319.0,3.3466,92600.0,INLAND,"1215 Acacia St, Stockton, CA 95203, USA"
-121.31,37.96,52.0,1938.0,332.0,788.0,320.0,3.6094,118400.0,INLAND,"1215 Acacia St, Stockton, CA 95203, USA"
-122.26,37.9,52.0,1927.0,279.0,705.0,288.0,7.8864,357300.0,NEAR BAY,"710 Wildcat Canyon Rd, Berkeley, CA 94708, USA"
-122.45,37.72,47.0,1773.0,345.0,1083.0,315.0,4.475,221200.0,NEAR BAY,"227 Louisburg St, San Francisco, CA 94112, USA"
-122.45,37.72,45.0,964.0,173.0,613.0,201.0,2.9119,228900.0,NEAR BAY,"227 Louisburg St, San Francisco, CA 94112, USA"
-122.17,37.78,42.0,1524.0,260.0,651.0,267.0,3.6875,157300.0,NEAR BAY,"6374 Sunnymere Ave, Oakland, CA 94605, USA"
-122.2,37.76,37.0,2680.0,736.0,1925.0,667.0,1.4097,84600.0,NEAR BAY,"971 66th Ave, Oakland, CA 94621, USA"
-122.16,37.77,48.0,977.0,194.0,446.0,180.0,4.7708,156300.0,NEAR BAY,"7833 Greenly Dr, Oakland, CA 94605, USA"
-122.12,37.88,35.0,2785.0,362.0,1001.0,363.0,8.0448,433300.0,NEAR BAY,"3554 S Silver Springs Rd, Lafayette, CA 94549, USA"
-117.81,33.8,25.0,2765.0,475.0,1666.0,474.0,6.0531,230700.0,<1H OCEAN,"4103 E Charter Oak Dr, Orange, CA 92869, USA"
-122.15,37.69,38.0,1246.0,221.0,637.0,222.0,3.6625,184600.0,NEAR BAY,"15058 Edgemoor St, San Leandro, CA 94579, USA"
-118.6,34.09,43.0,2228.0,438.0,960.0,395.0,7.6091,438500.0,<1H OCEAN,"144 Muerdago Rd, Topanga, CA 90290, USA"
-117.9,33.85,31.0,3413.0,764.0,2326.0,728.0,4.325,187100.0,<1H OCEAN,"1128 N Boden Dr, Anaheim, CA 92805, USA"
-121.99,37.92,14.0,1780.0,224.0,764.0,226.0,9.0243,427700.0,INLAND,"612 Timberleaf Ct, Walnut Creek, CA 94598, USA"
-121.33,37.97,38.0,3166.0,575.0,1351.0,561.0,3.5404,91600.0,INLAND,"2081 W Monterey Ave, Stockton, CA 95204, USA"
-121.28,37.99,42.0,495.0,116.0,284.0,97.0,2.8854,55700.0,INLAND,"1805 Mighty Oak Dr, Stockton, CA 95205, USA"
-121.95,37.94,27.0,1469.0,216.0,578.0,219.0,5.9346,253600.0,INLAND,"1254 Quiet Cir, Concord, CA 94521, USA"
-117.79,33.7,16.0,6259.0,1098.0,3785.0,1114.0,6.3298,247100.0,<1H OCEAN,"4102 Manzanita St, Irvine, CA 92604, USA"
-118.91,35.27,29.0,1401.0,317.0,1344.0,306.0,2.0921,61400.0,INLAND,"8416 Bertal St, Lamont, CA 93241, USA"
-122.18,37.9,36.0,4760.0,610.0,1511.0,572.0,9.0064,500001.0,NEAR BAY,"11 El Gavilan Rd, Orinda, CA 94563, USA"
-122.29,37.89,52.0,1571.0,349.0,693.0,326.0,3.1375,229100.0,NEAR BAY,"910 Carmel Ave, Albany, CA 94706, USA"
-122.29,37.89,52.0,2248.0,422.0,870.0,377.0,3.4732,246200.0,NEAR BAY,"910 Carmel Ave, Albany, CA 94706, USA"
-121.32,37.98,37.0,3247.0,643.0,1737.0,665.0,3.0660000000000003,94100.0,INLAND,"1413 Cat Tail Dr, Stockton, CA 95204, USA"
-121.78,37.97,4.0,17032.0,2546.0,7653.0,2359.0,5.5601,213700.0,INLAND,"4360 Elk Dr, Antioch, CA 94531, USA"
-121.28,37.94,40.0,2806.0,685.0,2268.0,635.0,1.8814,57700.0,INLAND,"527 E Charter Way, Stockton, CA 95206, USA"
-121.94,37.95,18.0,2541.0,355.0,986.0,346.0,7.1978,288000.0,INLAND,"32 Jalalon Pl, Clayton, CA 94517, USA"
-121.26,37.96,43.0,940.0,208.0,690.0,181.0,2.3056,62300.0,INLAND,"103 E St, Stockton, CA 95205, USA"
-122.18,37.91,31.0,7200.0,876.0,2428.0,843.0,10.9405,500001.0,NEAR BAY,"25 Coachwood Terrace, Orinda, CA 94563, USA"
-117.75,33.61,16.0,2270.0,488.0,709.0,489.0,3.2845,227600.0,<1H OCEAN,"3406 Calle Azul, Laguna Woods, CA 92637, USA"
-122.1,37.88,35.0,3701.0,528.0,1511.0,517.0,7.2315,367100.0,NEAR BAY,"3262 Glenside Dr, Lafayette, CA 94549, USA"
-122.29,37.89,52.0,2269.0,380.0,1004.0,371.0,5.1696,261400.0,NEAR BAY,"910 Carmel Ave, Albany, CA 94706, USA"
-121.24,37.94,5.0,2232.0,488.0,1857.0,435.0,2.8705,113600.0,INLAND,"2062 Madrid Dr, Stockton, CA 95205, USA"
-121.25,37.96,26.0,2205.0,478.0,1730.0,472.0,2.4866,68300.0,INLAND,"2837 E Lafayette St, Stockton, CA 95205, USA"
-122.25,37.89,37.0,3000.0,457.0,987.0,450.0,7.5385,350000.0,NEAR BAY,"41 Hill Rd, Berkeley, CA 94708, USA"
-118.42,34.01,32.0,1300.0,356.0,703.0,311.0,3.5667,394000.0,<1H OCEAN,"3835 Albright Ave, Los Angeles, CA 90066, USA"
-121.27,37.94,38.0,512.0,133.0,676.0,124.0,1.7386,52000.0,INLAND,"1501 S Airport Way, Stockton, CA 95206, USA"
-122.26,37.9,37.0,2220.0,335.0,903.0,362.0,7.8336,371300.0,NEAR BAY,"710 Wildcat Canyon Rd, Berkeley, CA 94708, USA"
-122.29,37.88,50.0,1211.0,261.0,523.0,227.0,3.8672,216700.0,NEAR BAY,"1338 Neilson St, Berkeley, CA 94702, USA"
-118.01,33.75,30.0,3380.0,722.0,2269.0,652.0,4.525,186000.0,<1H OCEAN,"6818 Sowell Ave, Westminster, CA 92683, USA"
-118.02,33.85,31.0,1922.0,329.0,1030.0,353.0,5.3416,213000.0,<1H OCEAN,"7761 Holder St, Buena Park, CA 90620, USA"
-117.36,33.88,10.0,5600.0,848.0,2573.0,788.0,5.0346,240500.0,INLAND,"17340 Krameria Ave, Riverside, CA 92504, USA"
-117.41,33.94,22.0,4179.0,1081.0,2096.0,1013.0,2.4435,118500.0,INLAND,"7565 Potomac Street, Riverside, CA 92504, USA"
-118.06,33.82,24.0,3983.0,675.0,1568.0,638.0,4.6458,213400.0,<1H OCEAN,"9832 Via Sonoma, Cypress, CA 90630, USA"
-121.44,38.61,34.0,172.0,38.0,149.0,55.0,2.6442,55000.0,INLAND,"2421 Clay St, Sacramento, CA 95815, USA"
-117.85,33.8,40.0,1461.0,286.0,1322.0,264.0,4.3269,194100.0,<1H OCEAN,"342 E Oakmont Ave, Orange, CA 92867, USA"
-117.97,33.79,34.0,2456.0,410.0,1289.0,442.0,4.1818,224200.0,<1H OCEAN,"9311 Cellini Ave, Garden Grove, CA 92841, USA"
-116.46,33.78,25.0,1137.0,414.0,604.0,240.0,1.3801,55000.0,INLAND,"36968 Allen Ave, Cathedral City, CA 92234, USA"
-121.29,38.61,26.0,1814.0,299.0,963.0,317.0,4.4519,110500.0,INLAND,"10683 Viani Way, Rancho Cordova, CA 95670, USA"
-122.23,37.8,52.0,783.0,184.0,488.0,186.0,1.9375,126600.0,NEAR BAY,"1444 E 32nd St, Oakland, CA 94602, USA"
-122.23,37.79,49.0,1175.0,217.0,859.0,219.0,2.293,106300.0,NEAR BAY,"2246 23rd Ave, Oakland, CA 94606, USA"
-122.3,37.89,36.0,1077.0,293.0,518.0,276.0,3.0208,206300.0,NEAR BAY,"1006 Solano Ave, Albany, CA 94706, USA"
-122.27,37.85,52.0,1228.0,293.0,648.0,303.0,2.1202,155500.0,NEAR BAY,"1889 Harmon St, Berkeley, CA 94703, USA"
-122.44,37.72,52.0,1507.0,282.0,929.0,281.0,3.8958,247700.0,NEAR BAY,"2000 Alemany Blvd, San Francisco, CA 94112, USA"
-122.25,37.85,52.0,1627.0,280.0,565.0,259.0,3.8462,342200.0,NEAR BAY,"6365 Florio St, Oakland, CA 94618, USA"
-122.44,37.72,52.0,1380.0,272.0,847.0,284.0,3.7143,260000.0,NEAR BAY,"2000 Alemany Blvd, San Francisco, CA 94112, USA"
-122.44,37.72,48.0,2675.0,585.0,1773.0,540.0,3.9565,268500.0,NEAR BAY,"2000 Alemany Blvd, San Francisco, CA 94112, USA"
-122.24,37.84,52.0,3529.0,574.0,1177.0,555.0,5.1773,389500.0,NEAR BAY,"5672 Broadway Terrace, Oakland, CA 94618, USA"
-120.84,37.07,24.0,1520.0,335.0,882.0,306.0,2.2019,100000.0,INLAND,"211 Gee Gee Ave, Los Banos, CA 93635, USA"
-121.0,37.25,31.0,1923.0,341.0,806.0,349.0,3.1738,97600.0,INLAND,"610 Eureka Ct, Gustine, CA 95322, USA"
-122.12,37.69,10.0,2227.0,560.0,1140.0,472.0,2.3973,167300.0,NEAR BAY,"511 Crespi Pl, San Lorenzo, CA 94580, USA"
-120.83,37.07,16.0,3736.0,761.0,1942.0,730.0,2.5598,120200.0,INLAND,"1426 Willmott Rd, Los Banos, CA 93635, USA"
-119.7,36.32,40.0,1178.0,244.0,586.0,187.0,2.6477,43500.0,INLAND,"13454 Larkspur Way, Hanford, CA 93230, USA"
-120.85,37.06,31.0,2609.0,645.0,1796.0,629.0,1.5479,82000.0,INLAND,"505 J St, Los Banos, CA 93635, USA"
-120.85,37.05,32.0,2893.0,481.0,1198.0,466.0,3.1719,140600.0,INLAND,"1821 Ravine Ct, Los Banos, CA 93635, USA"
-118.02,33.82,19.0,2485.0,437.0,1286.0,431.0,4.7466,258300.0,<1H OCEAN,"9805 Holder St, Cypress, CA 90630, USA"
-117.06,32.57,17.0,2252.0,378.0,1776.0,365.0,4.6364,141100.0,NEAR OCEAN,"3486 Clavelita St, San Diego, CA 92154, USA"
-118.0,33.85,34.0,1078.0,205.0,575.0,206.0,4.5083,188000.0,<1H OCEAN,"7575 El Escorial Way, Buena Park, CA 90620, USA"
-119.65,36.35,21.0,1745.0,266.0,837.0,292.0,4.3911,107900.0,INLAND,"2085 Peralta Way, Hanford, CA 93230, USA"
-119.44,38.53,20.0,1963.0,434.0,682.0,273.0,1.5817,97800.0,INLAND,"418 Patricia Ln, Coleville, CA 96107, USA"
-118.04,33.85,24.0,2233.0,347.0,1162.0,355.0,5.6094,279200.0,<1H OCEAN,"5351 Polis Dr, La Palma, CA 90623, USA"
-117.65,33.49,16.0,2223.0,454.0,628.0,382.0,4.3603,248800.0,<1H OCEAN,"27522 Paseo Verano, San Juan Capistrano, CA 92675, USA"
-120.87,37.05,29.0,4176.0,779.0,2092.0,741.0,2.595,104200.0,INLAND,"1678 Iris Ln, Los Banos, CA 93635, USA"
-117.64,33.49,3.0,2516.0,429.0,781.0,337.0,5.6197,271600.0,<1H OCEAN,"31281 Paseo Crucero, San Juan Capistrano, CA 92675, USA"
-121.02,39.23,16.0,1427.0,319.0,642.0,333.0,1.4241,125000.0,INLAND,"11068 Bubbling Wells Rd, Grass Valley, CA 95945, USA"
-118.04,33.82,26.0,4105.0,637.0,2072.0,648.0,5.843999999999999,273900.0,<1H OCEAN,"9784 St John Cir, Cypress, CA 90630, USA"
-118.01,33.82,10.0,3897.0,893.0,1992.0,693.0,4.1591,192300.0,<1H OCEAN,"828 S Rome Pl, Anaheim, CA 92804, USA"
-121.06,39.25,17.0,3127.0,539.0,1390.0,520.0,3.9537,172800.0,INLAND,"12977 Slate Creek Rd, Nevada City, CA 95959, USA"
-120.22,39.35,8.0,1872.0,281.0,203.0,71.0,4.5882,198400.0,INLAND,"12797 Falcon Point Pl, Truckee, CA 96161, USA"
-120.21,39.35,7.0,914.0,159.0,85.0,34.0,4.7917,187500.0,INLAND,"11788 Brookstone Dr, Truckee, CA 96161, USA"
-120.94,39.22,12.0,1321.0,268.0,661.0,232.0,4.0062,153800.0,INLAND,"17100 Sunset Mountain Pl, Grass Valley, CA 95945, USA"
-118.58,34.2,35.0,1558.0,267.0,793.0,249.0,5.1463,220200.0,<1H OCEAN,"20500 Enadia Way, Canoga Park, CA 91306, USA"
-117.96,33.93,31.0,1471.0,321.0,841.0,330.0,3.46,232800.0,<1H OCEAN,"1230 Lorella Ave, La Habra, CA 90631, USA"
-117.82,33.88,18.0,1982.0,300.0,1027.0,324.0,7.0526,327500.0,<1H OCEAN,"17981 Caballo Dr, Yorba Linda, CA 92886, USA"
-120.26,39.32,24.0,6012.0,1227.0,780.0,358.0,3.0043,122100.0,INLAND,"14036 S Shore Dr, Truckee, CA 96161, USA"
-121.07,39.23,39.0,2099.0,433.0,929.0,423.0,1.9886,113800.0,INLAND,"10793 Dolores Dr, Grass Valley, CA 95945, USA"
-121.06,39.29,14.0,1864.0,331.0,894.0,332.0,3.4028,171800.0,INLAND,"18444 Augustine Rd, Nevada City, CA 95959, USA"
-122.29,37.88,48.0,2365.0,490.0,1034.0,475.0,3.1065,229200.0,NEAR BAY,"1338 Neilson St, Berkeley, CA 94702, USA"
-120.15,39.36,9.0,2254.0,400.0,694.0,243.0,5.6856,138100.0,INLAND,"11655 Mt Rose View Dr, Truckee, CA 96161, USA"
-120.19,39.35,7.0,2611.0,395.0,482.0,159.0,5.0622,174100.0,INLAND,"11402 Alder Hill Rd, Truckee, CA 96161, USA"
-120.17,39.32,14.0,2421.0,489.0,1000.0,354.0,3.5652,119800.0,INLAND,"10541 Red Fir Rd, Truckee, CA 96161, USA"
-122.29,37.89,52.0,979.0,175.0,374.0,153.0,5.1675,270600.0,NEAR BAY,"910 Carmel Ave, Albany, CA 94706, USA"
-121.04,39.24,48.0,1188.0,227.0,471.0,219.0,2.3125,125700.0,INLAND,"363 Glenwood Rd, Grass Valley, CA 95945, USA"
-117.94,33.93,14.0,999.0,232.0,1037.0,244.0,2.7125,166100.0,<1H OCEAN,"541 E 2nd Ave, La Habra, CA 90631, USA"
-121.09,39.22,25.0,2200.0,439.0,1045.0,419.0,2.6042,116700.0,INLAND,"11451 Lexington Way, Grass Valley, CA 95945, USA"
-121.24,39.22,14.0,983.0,163.0,399.0,161.0,2.2917,145100.0,INLAND,"21300 Bald Ridge Dr, Penn Valley, CA 95946, USA"
-121.02,39.25,52.0,1549.0,275.0,604.0,249.0,2.2278,155400.0,INLAND,"114 Bost Ave, Nevada City, CA 95959, USA"
-121.21,39.24,7.0,4194.0,673.0,1355.0,566.0,4.3702,226100.0,INLAND,"13979 Dockside Ct, Penn Valley, CA 95946, USA"
-122.22,37.78,44.0,2968.0,710.0,2269.0,610.0,2.3906,111700.0,NEAR BAY,"1664 35th Ave, Oakland, CA 94601, USA"
-122.29,37.88,52.0,2159.0,424.0,824.0,388.0,3.8897,218400.0,NEAR BAY,"1338 Neilson St, Berkeley, CA 94702, USA"
-122.29,37.88,52.0,1650.0,395.0,841.0,380.0,3.556,179300.0,NEAR BAY,"1338 Neilson St, Berkeley, CA 94702, USA"
-122.28,37.89,52.0,2616.0,473.0,1085.0,487.0,4.125,270900.0,NEAR BAY,"935 Modoc St, Berkeley, CA 94707, USA"
-121.84,37.98,8.0,7505.0,1089.0,3325.0,1016.0,5.2699,204200.0,INLAND,"2308 Lafayette Dr, Antioch, CA 94509, USA"
-117.84,33.78,26.0,2577.0,434.0,1086.0,432.0,4.6125,229200.0,<1H OCEAN,"543 Summerfield Way, Orange, CA 92866, USA"
-119.65,36.33,52.0,1257.0,257.0,624.0,243.0,2.3523,59100.0,INLAND,"319 Center St, Hanford, CA 93230, USA"
-118.12,33.9,35.0,3478.0,730.0,1885.0,673.0,2.9375,206500.0,<1H OCEAN,"10026 Lindale St, Bellflower, CA 90706, USA"
-122.46,37.73,52.0,2673.0,349.0,876.0,338.0,7.8476,500001.0,NEAR BAY,"909 Faxon Ave, San Francisco, CA 94112, USA"
-122.45,37.72,46.0,1406.0,235.0,771.0,239.0,4.7143,219300.0,NEAR BAY,"227 Louisburg St, San Francisco, CA 94112, USA"
-122.09,37.63,36.0,1570.0,274.0,992.0,249.0,5.3644,168800.0,NEAR BAY,"2003 Bolero Ave, Hayward, CA 94545, USA"
-119.64,36.35,30.0,1765.0,310.0,746.0,298.0,2.8125,70200.0,INLAND,"428 E Leland Way, Hanford, CA 93230, USA"
-122.47,37.74,52.0,3688.0,640.0,1605.0,567.0,4.9537,365600.0,NEAR BAY,"2584 14th Ave, San Francisco, CA 94127, USA"
-122.46,37.74,51.0,1905.0,291.0,707.0,284.0,6.2561,431000.0,NEAR BAY,"25 Miraloma Dr, San Francisco, CA 94127, USA"
-121.96,37.74,2.0,200.0,20.0,25.0,9.0,15.0001,350000.0,<1H OCEAN,"15 Duberstein Dr, San Ramon, CA 94583, USA"
-122.45,37.72,51.0,2690.0,554.0,1795.0,539.0,3.6581,225000.0,NEAR BAY,"227 Louisburg St, San Francisco, CA 94112, USA"
-119.65,36.34,46.0,1730.0,337.0,752.0,323.0,1.8529,67200.0,INLAND,"1325 Kaweah St, Hanford, CA 93230, USA"
-121.98,37.82,18.0,9117.0,1248.0,3280.0,1167.0,8.003,351300.0,<1H OCEAN,"1371 Camino Tassajara, Danville, CA 94526, USA"
-117.77,33.54,28.0,3404.0,497.0,1134.0,466.0,7.2217,500001.0,<1H OCEAN,"918 Canyon View Dr, Laguna Beach, CA 92651, USA"
-122.1,37.66,33.0,1954.0,464.0,1293.0,448.0,3.0489,152600.0,NEAR BAY,"23742 Ida Ln, Hayward, CA 94541, USA"
-122.04,37.99,36.0,2765.0,495.0,1478.0,441.0,4.125,136200.0,NEAR BAY,"2213 Upland Dr, Concord, CA 94520, USA"
-119.54,36.52,16.0,2703.0,415.0,1106.0,372.0,4.2045,120900.0,INLAND,"2504 Tamarack Ct, Kingsburg, CA 93631, USA"
-118.44,35.13,21.0,1899.0,447.0,1133.0,391.0,1.8636,67900.0,INLAND,"514 E F St, Tehachapi, CA 93561, USA"
-118.01,33.82,31.0,1960.0,380.0,1356.0,356.0,4.0625,225900.0,<1H OCEAN,"828 S Rome Pl, Anaheim, CA 92804, USA"
-117.9,33.63,32.0,3556.0,521.0,1381.0,537.0,6.1426,450700.0,<1H OCEAN,"1526 Ruth Ln, Newport Beach, CA 92660, USA"
-122.35,37.95,31.0,2449.0,595.0,1801.0,548.0,2.6328,110300.0,NEAR BAY,"2005 Rheem Ave, Richmond, CA 94801, USA"
-121.36,38.62,34.0,2447.0,503.0,1077.0,456.0,3.0580000000000003,133000.0,INLAND,"3009 Greenwood Ave, Sacramento, CA 95821, USA"
-118.46,35.13,19.0,3109.0,640.0,1457.0,620.0,2.6417,94900.0,INLAND,"742 Silver Oak Dr, Tehachapi, CA 93561, USA"
-117.72,33.54,13.0,4866.0,812.0,1909.0,733.0,4.9821,244800.0,<1H OCEAN,"29152 Abotsinch St, Laguna Niguel, CA 92677, USA"
-117.7,35.64,8.0,2683.0,416.0,1154.0,399.0,5.8625,109400.0,INLAND,"1449 Sydnor Ave, Ridgecrest, CA 93555, USA"
-119.69,36.41,38.0,1016.0,202.0,540.0,187.0,2.2885,75000.0,INLAND,"4378 12 3/4 Ave, Hanford, CA 93230, USA"
-117.82,33.64,18.0,1974.0,260.0,808.0,278.0,9.8589,500001.0,<1H OCEAN,"19111 Beckwith Terrace, Irvine, CA 92603, USA"
-122.08,37.66,37.0,1997.0,436.0,1349.0,437.0,2.1382,166600.0,NEAR BAY,"24662 Joyce St, Hayward, CA 94544, USA"
-117.66,35.62,11.0,5897.0,1138.0,2728.0,1072.0,4.15,85700.0,INLAND,"218 Rancho St, Ridgecrest, CA 93555, USA"
-119.78,36.3,30.0,1846.0,391.0,1255.0,352.0,2.1681,66600.0,INLAND,"113 Powell Ave, Lemoore, CA 93245, USA"
-118.43,35.12,8.0,1968.0,376.0,930.0,360.0,3.2632,99800.0,INLAND,"1012 Canyon Dr, Tehachapi, CA 93561, USA"
-119.77,36.32,14.0,3400.0,618.0,1867.0,612.0,3.9926,92500.0,INLAND,"867 Elderwood Ln, Lemoore, CA 93245, USA"
-117.87,33.87,16.0,1332.0,368.0,1534.0,295.0,3.0227,297100.0,<1H OCEAN,"205 Alta St, Placentia, CA 92870, USA"
-118.91,35.3,28.0,1793.0,358.0,1233.0,351.0,2.7845,82200.0,INLAND,"8455 Fuller Dr, Bakersfield, CA 93307, USA"
-117.98,33.83,32.0,1133.0,166.0,523.0,187.0,6.212999999999999,230800.0,<1H OCEAN,"203 S Trojan St, Anaheim, CA 92804, USA"
-117.68,35.6,12.0,1678.0,241.0,765.0,281.0,6.0532,102800.0,INLAND,"1028 W St George Ave, Ridgecrest, CA 93555, USA"
-117.89,33.6,36.0,1496.0,247.0,441.0,203.0,7.8164,500001.0,<1H OCEAN,"1515 E Bay Ave, Newport Beach, CA 92661, USA"
-119.57,36.44,30.0,1860.0,337.0,1123.0,347.0,3.4926,94200.0,INLAND,"2342 S 6th Ave, Kingsburg, CA 93631, USA"
-117.65,35.0,36.0,1184.0,316.0,672.0,241.0,1.9107,39800.0,INLAND,"12029 Boron Ave, Boron, CA 93516, USA"
-117.2,32.83,35.0,1377.0,350.0,792.0,313.0,2.8472,161400.0,NEAR OCEAN,"4244 Willamette Ave, San Diego, CA 92117, USA"
-122.26,37.82,40.0,624.0,195.0,423.0,160.0,0.9506,187500.0,NEAR BAY,"45 Randwick Ave, Oakland, CA 94611, USA"
-118.17,34.03,42.0,882.0,292.0,1248.0,281.0,2.761,120000.0,<1H OCEAN,"458 Betty Ave, East Los Angeles, CA 90022, USA"
-118.18,34.03,44.0,1629.0,420.0,1893.0,387.0,2.2991,137500.0,<1H OCEAN,"457 S Downey Rd, Los Angeles, CA 90063, USA"
-119.79,36.32,19.0,3252.0,614.0,1971.0,607.0,3.0667,75800.0,INLAND,"473 W Deodar Ln, Lemoore, CA 93245, USA"
-119.35,35.58,13.0,1657.0,362.0,1186.0,376.0,1.1903,63200.0,INLAND,"1966 Bautista Ave, Wasco, CA 93280, USA"
-122.26,37.83,50.0,1125.0,322.0,616.0,304.0,2.026,142500.0,NEAR BAY,"4130 Webster St, Oakland, CA 94609, USA"
-122.27,37.83,51.0,2665.0,574.0,1258.0,536.0,2.7303,109700.0,NEAR BAY,"736 40th St, Oakland, CA 94609, USA"
-122.15,37.68,30.0,2261.0,443.0,929.0,383.0,4.2841,213400.0,NEAR BAY,"15458 Farnsworth St, San Leandro, CA 94579, USA"
-122.27,37.82,43.0,1007.0,312.0,558.0,253.0,1.7348,137500.0,NEAR BAY,"3026 Martin Luther King Jr Way, Oakland, CA 94609, USA"
-122.27,37.82,52.0,1630.0,456.0,1162.0,400.0,1.2475,104200.0,NEAR BAY,"3026 Martin Luther King Jr Way, Oakland, CA 94609, USA"
-122.27,37.82,21.0,896.0,453.0,735.0,438.0,0.9218,171900.0,NEAR BAY,"3026 Martin Luther King Jr Way, Oakland, CA 94609, USA"
-122.27,37.82,40.0,946.0,375.0,700.0,352.0,1.775,112500.0,NEAR BAY,"3026 Martin Luther King Jr Way, Oakland, CA 94609, USA"
-122.27,37.82,43.0,1868.0,456.0,1061.0,407.0,1.5045,93800.0,NEAR BAY,"3026 Martin Luther King Jr Way, Oakland, CA 94609, USA"
-117.87,33.87,15.0,1898.0,476.0,1766.0,455.0,2.4929,158500.0,<1H OCEAN,"205 Alta St, Placentia, CA 92870, USA"
-118.0,33.83,26.0,1718.0,385.0,1022.0,368.0,3.9333,196100.0,<1H OCEAN,"3137 W Del Monte Dr, Anaheim, CA 92804, USA"
-118.13,34.01,43.0,782.0,207.0,827.0,223.0,3.1538,154300.0,<1H OCEAN,"6631 Southside Dr, East Los Angeles, CA 90022, USA"
-118.14,34.02,44.0,1715.0,460.0,1740.0,423.0,2.7019,153300.0,<1H OCEAN,"650 Harding Ave, East Los Angeles, CA 90022, USA"
-122.27,37.83,48.0,1798.0,432.0,987.0,374.0,1.0972,104500.0,NEAR BAY,"736 40th St, Oakland, CA 94609, USA"
-118.13,34.01,45.0,1179.0,268.0,736.0,252.0,2.7083,161800.0,<1H OCEAN,"6631 Southside Dr, East Los Angeles, CA 90022, USA"
-122.47,38.5,23.0,2191.0,415.0,959.0,361.0,4.1993,214500.0,INLAND,"1528 Voorhees Cir, St Helena, CA 94574, USA"
-118.16,34.03,40.0,2201.0,636.0,2682.0,595.0,2.359,143400.0,<1H OCEAN,"421 S La Verne Ave, East Los Angeles, CA 90022, USA"
-117.09,32.64,38.0,2095.0,536.0,1240.0,550.0,2.7218,145900.0,NEAR OCEAN,"264 Cedar Ave, Chula Vista, CA 91910, USA"
-118.16,34.03,45.0,894.0,231.0,925.0,222.0,2.6042,145000.0,<1H OCEAN,"421 S La Verne Ave, East Los Angeles, CA 90022, USA"
-117.98,33.84,35.0,984.0,179.0,661.0,199.0,5.0747,189600.0,<1H OCEAN,"2676 W Glencrest Ave, Anaheim, CA 92801, USA"
-122.57,38.58,18.0,2083.0,506.0,926.0,487.0,1.9925,225000.0,INLAND,"415 Burgundy S, Calistoga, CA 94515, USA"
-122.28,37.84,50.0,2082.0,492.0,1131.0,473.0,1.6424,108900.0,NEAR BAY,"5630 Gaskill St, Oakland, CA 94608, USA"
-122.47,38.6,20.0,1036.0,202.0,589.0,194.0,5.3698,303300.0,INLAND,"2575 Summit Lake Dr, Angwin, CA 94508, USA"
-117.05,32.96,18.0,3593.0,661.0,1992.0,626.0,4.8295,165800.0,<1H OCEAN,"13354 La Venta Dr, Poway, CA 92064, USA"
-119.79,36.3,16.0,1717.0,277.0,903.0,289.0,4.3438,93100.0,INLAND,"614 C St, Lemoore, CA 93245, USA"
-122.19,37.78,52.0,2492.0,415.0,1109.0,375.0,4.3125,164400.0,NEAR BAY,"3216 Madera Ave, Oakland, CA 94619, USA"
-122.17,37.77,31.0,2424.0,533.0,1360.0,452.0,1.871,90700.0,NEAR BAY,"7316 Ney Ave, Oakland, CA 94605, USA"
-121.27,37.96,43.0,1624.0,448.0,1805.0,440.0,1.425,61300.0,INLAND,"343 N Locust St, Stockton, CA 95205, USA"
-117.72,33.61,26.0,2653.0,621.0,774.0,584.0,2.49,81100.0,<1H OCEAN,"255 Calle Aragon, Laguna Woods, CA 92637, USA"
-121.33,37.98,36.0,3113.0,576.0,1746.0,544.0,3.4625,84600.0,INLAND,"3944 Crawford Ct, Stockton, CA 95204, USA"
-122.26,37.83,51.0,936.0,311.0,517.0,249.0,1.2852,150000.0,NEAR BAY,"4130 Webster St, Oakland, CA 94609, USA"
-117.75,33.6,5.0,4944.0,1164.0,1727.0,948.0,4.9,255600.0,<1H OCEAN,"5579 Luz Del Sol, Laguna Woods, CA 92637, USA"
-117.89,33.82,24.0,1268.0,210.0,700.0,224.0,5.0605,216200.0,<1H OCEAN,"1912 E Clifpark Way, Anaheim, CA 92805, USA"
-122.02,37.87,14.0,3056.0,369.0,1209.0,377.0,8.4352,441400.0,NEAR BAY,"2656 Velvet Way, Walnut Creek, CA 94596, USA"
-122.22,37.78,51.0,1637.0,463.0,1543.0,393.0,2.489,119100.0,NEAR BAY,"1664 35th Ave, Oakland, CA 94601, USA"
-122.17,37.78,49.0,893.0,177.0,468.0,181.0,3.875,140600.0,NEAR BAY,"6374 Sunnymere Ave, Oakland, CA 94605, USA"
-122.21,37.78,44.0,1729.0,414.0,1240.0,393.0,2.3125,102800.0,NEAR BAY,"2172 Rosedale Ave, Oakland, CA 94601, USA"
-117.31,33.17,7.0,2349.0,312.0,809.0,282.0,5.5520000000000005,283900.0,NEAR OCEAN,"3467 Corvallis St, Carlsbad, CA 92010, USA"
-119.55,36.37,26.0,1912.0,339.0,1002.0,311.0,3.0375,126300.0,INLAND,"5021 Flint Ave, Hanford, CA 93230, USA"
-122.44,37.76,50.0,2589.0,569.0,945.0,544.0,5.2519,376600.0,NEAR BAY,"26 Caselli Ave, San Francisco, CA 94114, USA"
-119.66,36.35,15.0,1724.0,374.0,947.0,391.0,3.1094,91900.0,INLAND,"1000 W Audubon Rd, Hanford, CA 93230, USA"
-122.18,37.79,41.0,1411.0,233.0,626.0,214.0,7.0875,240700.0,NEAR BAY,"4281 Knoll Ave, Oakland, CA 94619, USA"
-121.03,39.05,12.0,1875.0,307.0,806.0,283.0,3.9185,195200.0,INLAND,"14224 Normandy Ln, Grass Valley, CA 95949, USA"
-118.19,34.04,43.0,1682.0,422.0,1706.0,409.0,2.1029,153300.0,<1H OCEAN,"322 N Hicks Ave, Los Angeles, CA 90063, USA"
-122.58,38.58,32.0,2723.0,637.0,1549.0,556.0,2.3942,183100.0,INLAND,"1455 1st St, Calistoga, CA 94515, USA"
-121.0,39.23,15.0,2809.0,450.0,1267.0,408.0,4.0426,191700.0,INLAND,"13084 Idaho Maryland Rd, Nevada City, CA 95959, USA"
-117.66,33.61,21.0,1932.0,266.0,860.0,286.0,7.1497,274000.0,<1H OCEAN,"24276 Ensenada Ln, Mission Viejo, CA 92691, USA"
-117.68,33.63,16.0,5218.0,1187.0,2701.0,1125.0,3.929,143100.0,<1H OCEAN,"25791 Brookmont, Lake Forest, CA 92630, USA"
-117.78,33.9,14.0,6239.0,901.0,2923.0,904.0,6.5437,268200.0,<1H OCEAN,"4201 Genoa Way, Yorba Linda, CA 92886, USA"
-117.77,33.8,16.0,3973.0,483.0,1373.0,452.0,9.8074,417000.0,<1H OCEAN,"682 N Lemon Hill Trail, Orange, CA 92869, USA"
-117.8,33.78,18.0,3548.0,474.0,1506.0,449.0,6.925,290300.0,<1H OCEAN,"12561 Vista Panorama, Santa Ana, CA 92705, USA"
-117.8,33.78,17.0,4138.0,805.0,2442.0,780.0,4.7804,242000.0,<1H OCEAN,"12561 Vista Panorama, Santa Ana, CA 92705, USA"
-117.65,33.53,7.0,6814.0,785.0,2175.0,681.0,10.49,500001.0,<1H OCEAN,"27451 Silver Creek Dr, San Juan Capistrano, CA 92675, USA"
-117.71,33.64,14.0,2945.0,356.0,1293.0,335.0,8.111,308900.0,<1H OCEAN,"22154 Pheasant St, Lake Forest, CA 92630, USA"
-117.76,33.83,15.0,3086.0,457.0,1262.0,436.0,6.4415,300700.0,<1H OCEAN,"6507 E Marengo Dr, Anaheim, CA 92807, USA"
-121.26,37.96,43.0,527.0,133.0,367.0,152.0,2.5,63600.0,INLAND,"103 E St, Stockton, CA 95205, USA"
